{"cameraMode":{"drawMode":0,"name":"Shaded","section":"Shading Mode"},"sceneLighting":true,"audioPlay":false,"sceneViewState":{"m_AlwaysRefresh":false,"showFog":true,"showSkybox":true,"showFlares":true,"showImageEffects":true,"showParticleSystems":true,"showVisualEffectGraphs":true,"m_FxEnabled":true},"in2DMode":false,"pivot":{"x":-0.06625296175479889,"y":1.9696879386901856,"z":-5.018392562866211},"rotation":{"x":-0.14054034650325776,"y":-0.008616680279374123,"z":0.0012243970995768905,"w":-0.9900580048561096},"size":2.416468381881714,"orthographic":false}